cluster_id,label,size,median_latency_h,pct_2020_win,pct_2024_win,label_en
-2,URL-only,11062,18.4,9.8,2.7,URL-only (no text)
0,"色場所喝, ”赴, “翹班”, 場所喝花, 場所喝",175,1100.2,0.0,0.0,(other)
1,"看看這是, 是假的：, 看這是真, 幫我看看, 假的：",89,235.7,3.4,11.2,(other)
2,"香蕉,  香蕉, 蕉，,  香, 香蕉，",201,9.5,12.4,1.0,(other)
3,"德國, 德國人,  德國,  德, +++",88,29.7,12.5,2.3,(other)
4,"酒商, 搶購, 紅酒, 00, 這批",80,1442.9,5.0,0.0,(other)
5,"星巴, 星巴克, 巴克, 咖啡,  星巴",269,4.4,5.6,1.1,Starbucks & coffee
6,"印度,  印度,  印, 疫情, 禽流",99,16.2,8.1,1.0,(other)
7,"同性, 愛滋, 婚姻, 性戀, 同性戀",486,16.3,6.8,0.2,LGBT & marriage equality
8,"電池, 電梯, 充電, 電動, 電動車",120,22.3,0.8,2.5,(other)
9,"。 , 寵物, 病毒, 動物, 自家",95,9.3,15.8,0.0,(other)
10,"地震, 震，, 地震，, 大地震, 大地",249,5.8,1.6,2.0,Earthquakes
11,"農民, 全聯, 高麗, 高麗菜, 麗菜",83,6.2,3.6,1.2,(other)
12,"物資, 。 , 舊衣, 孩子, 幫忙",210,17.1,2.9,3.8,(other)
13,"。 , 00, 機車, 紅燈, 交通",2190,16.1,5.9,1.9,Traffic & road safety
14,".c, com , .co, .com, com",135,11.3,1.5,3.7,(other)
15,"日本, 核廢, 核廢水, 廢水, 福島",221,23.3,4.1,3.6,(other)
16,"毒品, 泰國, 大麻, 罐頭, 。 ",104,23.4,9.6,3.8,(other)
17,"發電, 台電, 電廠, 停電, 電費",523,25.5,5.0,4.2,Taiwan power & blackouts
18,"節電, 電獎, 節電獎, 登錄, 電獎勵",102,2.8,2.0,2.0,(other)
19,"雞蛋, 蛋，, 進口, 巴西, 雞蛋，",307,23.7,1.6,1.0,Egg imports (Brazil)
20,"烏克, 烏克蘭, 克蘭, 俄羅, 俄羅斯",337,64.6,2.7,1.8,Ukraine–Russia war
21,"戴口罩, 戴口, 口罩, 00, 開車",178,1.8,9.0,0.0,(other)
22,"口罩, 罩，, 口罩，, 的口罩, 。 ",358,5.1,57.8,0.3,Face masks
23,"收費, 要收, 圖片, line, ine",84,5.3,7.1,0.0,(other)
24,"://s, //s, //sh, /sho, hop/",85,6.1,1.2,1.2,(other)
25,"aceb, ceb, cebo, 臉書, eboo",198,16.7,4.0,10.1,(other)
26,"眼睛, 視力, 失明, 眼鏡, 。 ",187,22.2,2.1,0.0,(other)
27,"影片, 影片，, tub, tube, utub",170,18.9,8.8,2.4,(other)
28,"牛奶, 喝牛, 喝牛奶, 。 , 激素",116,12.6,1.7,0.9,(other)
29,"牙齒, 牙周, 牙醫, 刷牙, 口腔",113,36.3,2.7,0.9,(other)
30,"調理, 瘦身, 體質, 改善, 方案",225,454.1,1.8,15.1,(other)
31,"瓦斯, 冷氣, 空氣, 。 , 室內",117,18.3,5.1,0.0,(other)
32,"繳納, 00, 稅務, 銀行, 所得",128,41.1,1.6,5.5,(other)
33,"疫苗, 打疫, 打疫苗, 疫苗前, 苗前",86,20.9,0.0,0.0,(other)
34,"。 , ！ , .., 眼鏡, 一隻",248,24.5,4.4,1.2,Eyewear & vision
35,"退休, 年金, 公教, 休金, 退休金",599,72.9,4.7,1.8,Pension reform
36,"選手, 奧運, 。 , .., ！ ",173,14.9,3.5,1.7,(other)
37,"咖啡, 喝咖啡, 喝咖, 的咖啡, 的咖",138,49.4,5.8,0.7,(other)
38,"茶葉, 綠茶, 病毒, 紅茶, 喝茶",198,26.6,11.1,1.0,(other)
39,"健保, 健保卡, 保卡, 快篩, 住院",159,9.8,4.4,1.3,(other)
40,"白髮, 頭髮, .., ..., 。 ",84,29.1,4.8,0.0,(other)
41,"。 , 保暖, 溫度, 冬天, 氣溫",101,14.7,1.0,1.0,(other)
42,"停水, 里、, 區、, 水公, 水公司",127,6.5,0.8,0.0,(other)
43,"。 , 颱風, 氣象, 空氣, 寒流",384,20.2,4.4,2.9,Weather & typhoons
44,"柬埔寨, 埔寨, 柬埔, 泰國, 台灣",133,28.8,9.8,0.0,(other)
45,"醫院, 。 , 醫師, 台大, 醫生",139,23.5,10.1,0.0,(other)
46,"飲食, 老人, 。 , 蛋白質, 白質",91,102.2,8.8,0.0,(other)
47,"蟑螂, 蚊子, 蟲，, 。 , ！ ",128,22.9,1.6,0.8,(other)
48,"酒精, 消毒, 洗手, 75%, 爆炸",83,5.1,37.3,1.2,(other)
49,"ipho, iph, phon, hone, pho",231,12.2,3.5,5.6,iPhone / Apple
50,"血氧, 呼吸, 缺氧, 肺部, 。 ",97,53.8,2.1,0.0,(other)
51,"新聞, 謠言, 假新聞, 假新, ----",97,10.5,2.1,1.0,(other)
52,"假的, 是真, 真的, 訊息, 是真的",134,4.3,9.0,2.2,(other)
53,"豬肉, 瘦肉, 瘦肉精, 肉精, 豬瘟",394,16.0,4.6,1.3,Pork & ractopamine
54,"疫苗, 接種, 疫苗，, 疫苗的, 苗的",1763,34.7,1.7,0.5,Vaccine misinformation
55,"oooo, ooo, 老年, 。 , 海默",163,65.3,4.3,0.6,(other)
56,"醫生, 醫師, ！ , 病人, 醫學",116,50.1,1.7,0.9,(other)
57,"睡眠, 失眠, 睡覺,  👇 ,  睡",116,52.1,8.6,0.0,(other)
58,"00, 補助, 申請, 育兒, 。 ",208,10.9,1.4,2.4,(other)
59,"！ , 藝術, 。 , 照片, ..",84,24.6,10.7,0.0,(other)
60,"癌症, 癌細, 癌細胞, 致癌, 細胞",1011,32.9,4.4,1.0,Cancer claims
61,"膝蓋, 關節, 運動, 。 , 走路",194,180.7,2.1,1.0,(other)
62,"心臟, 梗塞, 肌梗, 血管, 肌梗塞",120,24.8,1.7,0.8,(other)
63,"病毒, 喉嚨, 。 , 漱口, 存活",255,5.5,47.8,0.4,Gargling 'cures'
64,"鮭魚, 生魚, 生魚片, 魚片, 魚，",261,30.3,6.1,0.8,Salmon & sashimi
65,"ogle, goog, ogl, oogl, oog",224,17.6,8.0,2.2,(other)
66,"00, 補助, 65歲, 5歲, 0元",130,13.9,4.6,4.6,(other)
67,"。 , 冰箱, ！ , 可樂, 喝水",569,25.7,11.6,1.1,Food & drink myths
68,"加入, 加入社, 下連結加, 社群！ , 入社群",156,24.4,3.8,8.3,(other)
69,"腎臟, 洗腎, 。 , ！ , 食物",110,51.5,3.6,0.9,(other)
70,"詐騙, li, 音信, in, lin",543,18.0,3.9,3.9,LINE phishing scams
71,"華電, 中華電, 華電信, 中華電信, 電信",87,6.4,3.4,0.0,(other)
72,"電話, 詐騙, ━━, ━━━, ━━━━",244,5.7,4.1,1.2,Phone scams
73,"手機, 充電, ____, ___, __",307,10.7,2.9,0.7,Phone & charging tips
74,"台灣, 。 , 食品, 進口, 鳳梨",135,23.7,3.7,3.7,(other)
75,"新年, 聖誕, 貼圖, 20, 快樂",124,5.8,16.1,5.6,(other)
76,"麥當, 麥當勞, 當勞, 優惠,  麥",95,3.4,3.2,2.1,(other)
77,"貼圖, ↓↓, 臭跩貓, 跩貓, 臭跩",119,2.7,6.7,2.5,(other)
78,"貼圖, 下載, ↓↓, 免費, ↓↓↓",415,3.1,14.9,1.7,Free sticker scams
79,"。 , 禱告, 我們, ， , 彌陀",127,14.8,8.7,1.6,(other)
80,"。 , ， , 人生, 自己, 的人",189,25.5,3.2,1.1,(other)
81,"柚子, 水果, 荔枝, 蘋果, 。 ",384,22.2,2.1,1.3,Fruit health claims
82,".., ..., 。 , 食物, 營養",333,39.5,4.8,0.6,Food & nutrition
83,"糖尿, 尿病, 糖尿病, 血糖, 胰島",133,67.7,3.8,1.5,(other)
84,"教育, 老師, 學生, 。 , 教師",198,15.2,7.1,3.5,(other)
85,"。 , ----, ---, --, ， ",225,12.5,4.9,1.8,(other)
86,"。 , 孩子, 媽媽, 父親, ..",308,14.0,8.4,0.0,Family & parenting
87,"1.0, .s, s., sm, mm",198,939.3,2.0,0.5,(other)
88,"吃吃吃, 吃吃吃吃, 吃吃, 00,  #",1038,13.8,8.9,1.8,Junk (food meme spam)
89,"確診, 醫院, 。 , 隔離, 疫情",468,4.9,27.6,0.0,COVID-19 containment
90,"病毒, 新冠, 肺炎, 。 , 感染",918,11.2,33.9,2.1,COVID-19 virus
91,"00, 普發,  |, | ,  | ",82,22.6,1.2,1.2,(other)
92,"材料, 卡片, 公司, 提款卡, 款卡",90,197.0,1.1,24.4,(other)
93,"----, 貸款, ---, --, 銀行",336,289.6,1.8,9.5,Loan scams
94,"香港,  香港, 。 ,  香, 台灣",106,23.8,25.5,0.0,(other)
95,"00, 補助, 飯店, 0元, 優惠",335,7.2,3.0,1.2,Travel subsidy scams
96,"敬老, 老卡, 敬老卡, 0元, 00",94,15.0,2.1,2.1,(other)
97,"發票, 00, 中獎, 抽獎, 恭喜",223,11.6,4.0,4.0,(other)
98,"： , 姓名, : , 填寫, __",103,862.5,0.0,26.2,(other)
99,".., ...,  我, 跟你, ..我",103,338.0,1.0,5.8,(other)
100,"。 , 可以,  我, ，我, 我是",147,22.6,3.4,7.5,(other)
101,"00, 薪資, 工作, 兼職, 000",792,559.7,0.8,13.4,Job & salary scams
102,"獲利, 00, 萬 , 專戶, 000",81,674.0,1.2,8.6,(other)
103,"工作, 註冊, 帳號, 訂單, 平台",527,835.8,0.2,16.3,Job platform scams
104,"朗讀, 作內容, 作內, 工作內, 工作內容",134,639.8,1.5,8.2,(other)
105,"帳戶, 獲利, 主力, 交易, 投資",499,819.3,0.4,12.8,Investment & trading scams
106,"交易, 交易所, 易所, 銀行, 審核",91,977.7,1.1,13.2,(other)
107,"00, 0億, 預算, 00億, 政府",299,28.6,9.0,2.7,Government budget
108,"美國, 中國, 台灣, 。 , 國的",267,53.2,8.6,1.1,US–China–Taiwan
109,"台灣, 。 , 日本, 灣人, 台灣人",912,32.9,6.7,5.0,Taiwan–Japan relations
110,"飛機, 戰機, 。 , 飛行, 航空",253,17.2,4.3,5.5,Aviation & military jets
111,"航空, 行李, 機場, 飛機, 。 ",133,20.9,10.5,1.5,(other)
112,"韓國, 國瑜, 韓國瑜, 市長, 高雄",192,19.5,24.0,0.5,(other)
113,"川普, 美國, 總統,  川普,  川",127,27.1,4.7,0.0,(other)
114,"投票, 公投, 票，, 選舉, 。 ",483,7.0,16.1,8.7,Elections & referendums
115,"蔡英, 蔡英文, 英文, 進黨, 民進黨",290,21.7,18.3,4.5,Tsai Ing-wen / DPP
