gold_id,cohort,era,articleId,latency_hours,deepseek,consensus,others_consensus,vote_gemini,vote_glm,vote_gpt,vote_grok,vote_opus,vote_qwen,text_preview,human_label,human_notes
85,recent,post,o1abaph9q54y,6247.472915555555,health,scam,scam,scam,scam,scam,scam,scam,scam,"親愛的客戶： 
 
我們已確認您目前使用的帳戶已被多台裝置存取。出於安全考慮，您的服務將被暫時中止，直至我們確認您是該帳戶的合法所有",,
87,recent,post,3dfgqkl6y3oyc,1.1768891666666668,other,scam,scam,scam,scam,scam,scam,scam,scam,那這邊我先帶妳申請一個紀錄薪資的職員帳號 每次完成的薪水都會累積在上面,,
92,recent,post,lhvzejgexqah,1506.1356091666669,political,other,other,other,other,other,other,other,other,"緊急通知⚠️

中國大陸所有的機場
行動電源（充電寶）沒有三個C的標誌的,
安檢時一律不準帶上飛機，安全人員說這是昨天晚上發布的命令，全中國大陸機場都一樣。",,
95,recent,post,sz9xy6821six,16.545711944444445,other,scam,scam,scam,scam,health,scam,health,scam,"您好，我是男性健康管理師高木 智彥，專注於男性生理狀態的調整和優化。

請問您目前最想要了解的是：
 (1) 如何科學地提升尺寸？
 (2) 如何有效延長時間？
 (3) 如何改善硬度和勃起品質？

您可以直接回復數字，我會根據您的需求提供專業建議",,
97,recent,post,3qyo624mq6q0q,713.8752094444445,other,health,health,health,health,health,health,health,health,"醫院骨科主任寫給中壯年的公開信￼

現在少子化、退休族群要懂得照顧自己、不要跌倒、要小心再小心、自己安全顧好，就不會拖累伴侶和子女、要健康平安、才能走的遠、樂活自在

醫院骨科主任寫給所有老年人（60-100歲及以上）的一封信…

 *如何減少意外傷害？*

 *我總結出來的所謂秘密有七個字，那就是：*

 *「小心，小心，再小心」！*

 *具體措施包括：*

 *1. 切勿站在椅子或凳子上拿東",,
100,recent,post,34nyb8onluquc,129.55360416666667,health,political,political,political,political,political,political,political,political,"@ 2025/07/02 轉貼
（彭夫人之死）～不寫政治文，寫的是「良知」

文／Jason。250702。

前言：

三峽烈日像烙鐵，灼熱著整個城市。但今天，壓在我心頭的，不是氣溫，而是一則新聞——讓我決定，動筆。

許多警界老同事、好朋友都勸我：「你該經常寫文章啊，我們知道你能寫，而且總是能寫進我們的心坎裡。」
但是我真的非常不願意寫政治文，因為政治實在太汚濁、太黑暗了。

尤其台灣這幾年，",,
107,recent,post,t4hmv9oxli0m,1.649876111111111,other,scam,scam,scam,scam,other,scam,scam,scam,"高瀚輿kao han yu您好！
我是環綺國際貿易股份有限公司。
感謝您加入好友(moon wink)

您好 我是環綺國際貿易股份有限公司的咨詢專員  (love letter)
歡迎您的咨詢(gift)(stars)",,
110,recent,post,1cp3prqc65fyl,7.691203333333333,other,political,political,political,political,political,political,political,political,"聽說在台北延平南路的國軍演練，慘不忍睹！媒體封鎖，沒人敢報導。
尚未查證，不知真假？",,
112,recent,post,1xojlxik9w5pw,265.77579166666663,scam,other,other,other,other,other,other,other,other,https://youtu.be/QdazLpUka5w?si=0ozPG6iUV7P0kQ0v,,
118,recent,post,3hmjb67c5k36h,4.198168055555556,other,health,health,health,health,health,health,health,health,"這是最新的
血糖糖化血色素的標準",,
119,recent,post,1vyjpwgf47vxn,0.1206113888888888,political,other,other,other,other,other,other,other,other,"「同學這東西沒得借」

昨天中午女兒和女婿來了，吃完飯閑聊的時候，談到了我和老伴百年之后的事情。

我就試探著問女兒女婿，假如我們老兩口走了之后，你們打算怎麼做？

女兒直接就說買一塊中等的墓地。然后風風光光的，有儀式感的，把你們老兩口葬了。

之后每年的清明節都會掃墓，讓你們在另一個世界，餓不著，冷不著，不缺錢花。

女兒這樣說，我直截了當的說不能這樣。

女兒疑惑不解的說，這樣做，難道做錯了嗎",,
120,recent,post,297id3m3lp5df,3894.286122222222,political,other,other,other,other,other,other,other,other,https://youtu.be/zzrdNlRW5x4?si=GtBQXDert8YsUXCH,,
3,2020,pre,hp7cspug1juu,0.6990408333333333,other,health,health,health,health,health,health,other,other,"武漢肺炎風暴經濟躺槍 美國首間銀行倒閉｜國際 | 中央社 CNA
https://bit.ly/2JFcQ44",,
5,2020,pre,bx1ob5es2umu,27.59236111111111,political,health,health,health,health,health,health,health,other,"🌹🌹美國進入國家緊急狀態🌹🌹
相應的措施包括136條。最有效的條款是所有美國需要的產品都可以在美國國內生產，不用再考慮成本多高的問題了，政府會給出很好的補貼方案。這意味著美國製造企業從世界各地歸回美國本土。（有些靠價錢便宜對美國出口賺錢的國家會死掉了，美國需要的全部醫療產品將全面在美國生產）。🎈🎈這是今天美國股市暴漲2000點的根本原因。條款中最關係百姓生活的事情是。1。任何人都可以接受❤️免費冠",,
10,2020,pre,g4vjv1aw0ve1,20.764411111111112,political,health,health,health,health,health,political,health,political,"南京如何能做到連續23天新冠確診人數為零？看這位日本記錄片導演制作的影片就可了解。

在這個世界上，應該只有中國能貫徹這樣的效率，這也是中國另一種國力的顯現：

https://youtu.be/YfsdJGj3-jM",,
22,2020,pre,2qlnijgjfhj5a,10.444084722222224,political,other,other,political,other,political,other,other,other,"物管局資料顯示，目前國際使用的技術以「濕式冶金PUREX分離程序 」為主，將鈽與鈾元素分別自核廢溶液中萃取出來，可進一步製造成核燃料循環利用；用過核子燃料的輻射強度需20萬年才能降至天然鈾礦的水平，但當後續採用群分離及核轉換(P＆T)技術處理，其輻射強度便可在數百年內就降至天然鈾礦的水平。

不管是核安維護或是核廢處理，高階用過燃料與低階核廢都可透過現址核電廠暫存處理，而暫存於蘭嶼的低階核廢，可運",,
32,2020,pre,37jv4r7bjt0io,0.1162411111111111,political,other,other,other,political,other,political,other,other,2001年北京軍區空軍政治部主任劉亞洲演講錄音：【殘忍是會遭天譴的:你看看我們的山川，滿目瘡痍。樹先死，草再死，動物死，最後是人死。,,
36,2020,pre,1xm9setdxw3kt,0.9960969444444444,scam,other,other,other,scam,other,other,other,other,https://free-line.weebly.com/,,
57,2024,pre,2mqrk6xvwmxoc,2040.8219152777776,scam,health,health,health,health,health,other,health,health,"這些別人都不會告訴您的事實(!)

市面上分(four)種蜜，
(one)，純天然的蜜，沒有任何人工干涉，經過蜜蜂釀造自然成熟的蜜。營養價值最高的。

(two)，未成熟的蜜，也成為水蜜，簡單說就是還沒經常一系列釀造程序直接取下來的蜜。營養價值不高。

(three)，加工蜜，也成為濃縮蜜，一般的商超就是加工蜜，，人為方式來蒸發掉蜂蜜中的水分 催熟的蜂蜜，除了有甜度幾乎是沒有什麼營養價值。

(f",,
58,2024,pre,3k6qfeiqswt9t,48.64701277777778,political,health,health,political,health,health,political,health,health,"《法廣》3日特別報導高端疫苗獲美CDC期刊肯定一事，並直言如此應該感到自豪的成就卻遭不少台灣人汙名扼殺。（圖翻攝自「RFI華語-法國國際廣播電台」X平台）
《法廣》3日特別報導高端疫苗獲美CDC期刊肯定一事，並直言如此應該感到自豪的成就卻遭不少台灣人汙名扼殺。（圖翻攝自「RFI華語-法國國際廣播電台」X平台）",,
